project-name,classifier,model-name,TP,FP,FN,TN,accuracy,precision,recall,f-measure,auc-roc,mcc,readability,cos,Purpose,Notice,UnderDev,StyleAndIde,Metadata,Discarded
checkstyle,Bayesian Network,productModel,573.0,138.0,40.0,17.0,0.7682291666666666,0.8059071729957806,0.9347471451876019,0.865558912386707,0.4040572541177709,0.06802163045478905,
checkstyle,Bayesian Network,processModel,576.0,150.0,37.0,5.0,0.7565104166666666,0.7933884297520661,0.9396411092985318,0.8603435399551904,0.6019628479713729,-0.049604630557857875,
checkstyle,Bayesian Network,productProcessModel,610.0,150.0,3.0,5.0,0.80078125,0.8026315789473685,0.9951060358890701,0.8885651857246905,0.5071725517023628,0.10817464334468428,
checkstyle,Bayesian Network,textualModel,416.0,117.0,197.0,38.0,0.5911458333333334,0.7804878048780488,0.6786296900489397,0.7260034904013962,0.46189549018576015,-0.06637505981891095,
checkstyle,Bayesian Network,productProcessTextualModel,610.0,150.0,3.0,5.0,0.80078125,0.8026315789473685,0.9951060358890701,0.8885651857246905,0.5071725517023628,0.10817464334468428,
checkstyle,Bayesian Network,smellModel,613.0,155.0,0.0,0.0,0.7981770833333334,0.7981770833333334,1.0,0.887762490948588,0.5,0.0,
checkstyle,Bayesian Network,productProcessTextualSmellModel,610.0,150.0,3.0,5.0,0.80078125,0.8026315789473685,0.9951060358890701,0.8885651857246905,0.5071725517023628,0.10817464334468428,
checkstyle,Bayesian Network,devRelModel,608.0,155.0,5.0,0.0,0.7916666666666666,0.7968545216251638,0.9918433931484503,0.8837209302325582,0.3597379361153502,-0.04070599219738466,
checkstyle,Bayesian Network,allModel,610.0,150.0,3.0,5.0,0.80078125,0.8026315789473685,0.9951060358890701,0.8885651857246905,0.501399778982266,0.10817464334468428,
checkstyle,RandomForest,productModel,551.0,132.0,62.0,23.0,0.7473958333333334,0.8067349926793558,0.8988580750407831,0.8503086419753088,0.4494395621743935,0.06044128713797677,
checkstyle,RandomForest,processModel,601.0,117.0,12.0,38.0,0.83203125,0.8370473537604457,0.9804241435562806,0.9030803906836965,0.7758722307004158,0.36699480424697584,
checkstyle,RandomForest,productProcessModel,602.0,117.0,11.0,38.0,0.8333333333333334,0.8372739916550765,0.9820554649265906,0.903903903903904,0.7522549071199285,0.3731418451785702,
checkstyle,RandomForest,textualModel,538.0,145.0,75.0,10.0,0.7135416666666666,0.787701317715959,0.8776508972267537,0.8302469135802468,0.3966636846813661,-0.07398638289667685,
checkstyle,RandomForest,productProcessTextualModel,601.0,117.0,12.0,38.0,0.83203125,0.8370473537604457,0.9804241435562806,0.9030803906836965,0.8072409619533758,0.36699480424697584,
checkstyle,RandomForest,smellModel,613.0,155.0,0.0,0.0,0.7981770833333334,0.7981770833333334,1.0,0.887762490948588,0.5,0.0,
checkstyle,RandomForest,productProcessTextualSmellModel,601.0,117.0,12.0,38.0,0.83203125,0.8370473537604457,0.9804241435562806,0.9030803906836965,0.8072409619533758,0.36699480424697584,
checkstyle,RandomForest,devRelModel,608.0,155.0,5.0,0.0,0.7916666666666666,0.7968545216251638,0.9918433931484503,0.8837209302325582,0.4926590538336052,-0.04070599219738466,
checkstyle,RandomForest,allModel,603.0,121.0,10.0,34.0,0.8294270833333334,0.8328729281767956,0.9836867862969005,0.9020194465220644,0.6948639688470242,0.3506594486048709,
checkstyle,Support Vector Machine,productModel,161.0,69.0,452.0,86.0,0.3216145833333333,0.7,0.2626427406199021,0.3819691577698695,0.4087407251486607,-0.15993666641256313,
checkstyle,Support Vector Machine,processModel,144.0,54.0,469.0,101.0,0.3190104166666667,0.7272727272727273,0.23491027732463296,0.3551171393341554,0.4432615902752197,-0.10411977433868747,
checkstyle,Support Vector Machine,productProcessModel,495.0,116.0,118.0,39.0,0.6953125,0.8101472995090017,0.8075040783034257,0.8088235294117646,0.5295584907646161,0.05883529105222841,
checkstyle,Support Vector Machine,textualModel,513.0,141.0,100.0,14.0,0.6861979166666666,0.7844036697247706,0.8368678629690048,0.8097868981846882,0.46359522180708307,-0.08219457827203344,
checkstyle,Support Vector Machine,productProcessTextualModel,266.0,77.0,347.0,78.0,0.4479166666666667,0.7755102040816326,0.433931484502447,0.5564853556485356,0.46857864547702993,-0.05073520970468619,
checkstyle,Support Vector Machine,smellModel,613.0,155.0,0.0,0.0,0.7981770833333334,0.7981770833333334,1.0,0.887762490948588,0.5,0.0,
checkstyle,Support Vector Machine,productProcessTextualSmellModel,266.0,77.0,347.0,78.0,0.4479166666666667,0.7755102040816326,0.433931484502447,0.5564853556485356,0.46857864547702993,-0.05073520970468619,
checkstyle,Support Vector Machine,devRelModel,52.0,60.0,561.0,95.0,0.19140625,0.4642857142857143,0.08482871125611746,0.14344827586206896,0.34886596853128454,-0.3437378990498157,
checkstyle,Support Vector Machine,allModel,364.0,93.0,249.0,62.0,0.5546875,0.7964989059080962,0.5938009787928222,0.680373831775701,0.49690048939641107,-0.005068517074938335,
checkstyle,J48,productModel,420.0,119.0,193.0,36.0,0.59375,0.7792207792207793,0.6851549755301795,0.7291666666666667,0.45870652002315426,-0.07245951828631343,
checkstyle,J48,processModel,594.0,63.0,19.0,92.0,0.8932291666666666,0.9041095890410958,0.9690048939641109,0.9354330708661417,0.7812766405304425,0.6421190791343147,
checkstyle,J48,productProcessModel,594.0,63.0,19.0,92.0,0.8932291666666666,0.9041095890410958,0.9690048939641109,0.9354330708661417,0.7812766405304425,0.6421190791343147,
checkstyle,J48,textualModel,600.0,154.0,13.0,1.0,0.7825520833333334,0.7957559681697612,0.9787928221859706,0.8778346744696415,0.49262221754459823,-0.044269257358973864,
checkstyle,J48,productProcessTextualModel,594.0,63.0,19.0,92.0,0.8932291666666666,0.9041095890410958,0.9690048939641109,0.9354330708661417,0.7812766405304425,0.6421190791343147,
checkstyle,J48,smellModel,613.0,155.0,0.0,0.0,0.7981770833333334,0.7981770833333334,1.0,0.887762490948588,0.5,0.0,
checkstyle,J48,productProcessTextualSmellModel,594.0,63.0,19.0,92.0,0.8932291666666666,0.9041095890410958,0.9690048939641109,0.9354330708661417,0.7812766405304425,0.6421190791343147,
checkstyle,J48,devRelModel,608.0,154.0,5.0,1.0,0.79296875,0.7979002624671916,0.9918433931484503,0.8843636363636365,0.49914750302583805,-0.007772591034996327,
checkstyle,J48,allModel,594.0,63.0,19.0,92.0,0.8932291666666666,0.9041095890410958,0.9690048939641109,0.9354330708661417,0.7812766405304425,0.6421190791343147,
checkstyle,Bayesian Network,productModel,46.0,172.0,70.0,99.0,0.37467700258397935,0.21100917431192662,0.39655172413793105,0.2754491017964072,0.3731390762183484,-0.21997057174231605,
checkstyle,Bayesian Network,processModel,1.0,19.0,115.0,252.0,0.6537467700258398,0.05,0.008620689655172414,0.014705882352941175,0.42384527293548796,-0.12725363125304137,
checkstyle,Bayesian Network,productProcessModel,4.0,21.0,112.0,250.0,0.6563307493540051,0.16,0.034482758620689655,0.056737588652482275,0.39734699071128643,-0.0801565030087838,
checkstyle,Bayesian Network,textualModel,93.0,195.0,23.0,76.0,0.43669250645994834,0.3229166666666667,0.8017241379310345,0.4603960396039604,0.5236830385545235,0.0862773753530319,
checkstyle,Bayesian Network,productProcessTextualModel,4.0,21.0,112.0,250.0,0.6563307493540051,0.16,0.034482758620689655,0.056737588652482275,0.39734699071128643,-0.0801565030087838,
checkstyle,Bayesian Network,smellModel,0.0,0.0,116.0,271.0,0.7002583979328165,0.0,0.0,NaN,0.5,0.0,
checkstyle,Bayesian Network,productProcessTextualSmellModel,4.0,21.0,112.0,250.0,0.6563307493540051,0.16,0.034482758620689655,0.056737588652482275,0.39734699071128643,-0.0801565030087838,
checkstyle,Bayesian Network,devRelModel,0.0,15.0,116.0,256.0,0.661498708010336,0.0,0.0,NaN,0.46882555032446876,-0.13137674839123936,
checkstyle,Bayesian Network,allModel,4.0,20.0,112.0,251.0,0.6589147286821705,0.16666666666666666,0.034482758620689655,0.05714285714285715,0.40922827331721595,-0.07468715170122103,
checkstyle,RandomForest,productModel,52.0,200.0,64.0,71.0,0.3178294573643411,0.20634920634920634,0.4482758620689655,0.2826086956521739,0.36229164015778087,-0.27851091959485114,
checkstyle,RandomForest,processModel,15.0,116.0,101.0,155.0,0.4392764857881137,0.11450381679389313,0.12931034482758622,0.1214574898785425,0.32637740170505153,-0.28922948881794186,
checkstyle,RandomForest,productProcessModel,14.0,127.0,102.0,144.0,0.4082687338501292,0.09929078014184398,0.1206896551724138,0.10894941634241247,0.32512088051915,-0.33124335070002914,
checkstyle,RandomForest,textualModel,93.0,188.0,23.0,83.0,0.45478036175710596,0.3309608540925267,0.8017241379310345,0.46851385390428213,0.5021790304109938,0.11094814514013435,
checkstyle,RandomForest,productProcessTextualModel,14.0,127.0,102.0,144.0,0.4082687338501292,0.09929078014184398,0.1206896551724138,0.10894941634241247,0.32512088051915,-0.33124335070002914,
checkstyle,RandomForest,smellModel,0.0,0.0,116.0,271.0,0.7002583979328165,0.0,0.0,NaN,0.5,0.0,
checkstyle,RandomForest,productProcessTextualSmellModel,14.0,127.0,102.0,144.0,0.4082687338501292,0.09929078014184398,0.1206896551724138,0.10894941634241247,0.32512088051915,-0.33124335070002914,
checkstyle,RandomForest,devRelModel,0.0,16.0,116.0,255.0,0.6589147286821705,0.0,0.0,NaN,0.4929062221656699,-0.1358680635504574,
checkstyle,RandomForest,allModel,11.0,103.0,105.0,168.0,0.4625322997416021,0.09649122807017543,0.09482758620689655,0.09565217391304347,0.32542308181702506,-0.28668157417157125,
checkstyle,Support Vector Machine,productModel,98.0,221.0,18.0,50.0,0.38242894056847543,0.3072100313479624,0.8448275862068966,0.4505747126436781,0.5146647156126734,0.03530754189605055,
checkstyle,Support Vector Machine,processModel,116.0,263.0,0.0,8.0,0.32041343669250644,0.30606860158311344,1.0,0.4686868686868687,0.514760147601476,0.09505385563504629,
checkstyle,Support Vector Machine,productProcessModel,116.0,264.0,0.0,7.0,0.3178294573643411,0.30526315789473685,1.0,0.46774193548387094,0.5129151291512916,0.08879767011967847,
checkstyle,Support Vector Machine,textualModel,82.0,142.0,34.0,129.0,0.5452196382428941,0.36607142857142855,0.7068965517241379,0.48235294117647054,0.5914556559358697,0.16972131705190868,
checkstyle,Support Vector Machine,productProcessTextualModel,116.0,264.0,0.0,7.0,0.3178294573643411,0.30526315789473685,1.0,0.46774193548387094,0.5129151291512916,0.08879767011967847,
checkstyle,Support Vector Machine,smellModel,0.0,0.0,116.0,271.0,0.7002583979328165,0.0,0.0,NaN,0.5,0.0,
checkstyle,Support Vector Machine,productProcessTextualSmellModel,116.0,264.0,0.0,7.0,0.3178294573643411,0.30526315789473685,1.0,0.46774193548387094,0.5129151291512916,0.08879767011967847,
checkstyle,Support Vector Machine,devRelModel,0.0,27.0,116.0,244.0,0.6304909560723514,0.0,0.0,NaN,0.45018450184501846,-0.17917399653189167,
checkstyle,Support Vector Machine,allModel,0.0,28.0,116.0,243.0,0.627906976744186,0.0,0.0,NaN,0.4483394833948339,-0.18271581548058952,
checkstyle,J48,productModel,44.0,185.0,72.0,86.0,0.3359173126614987,0.19213973799126638,0.3793103448275862,0.25507246376811593,0.3878196971624889,-0.2827524115871272,
checkstyle,J48,processModel,0.0,14.0,116.0,257.0,0.6640826873385013,0.0,0.0,NaN,0.48759384145565593,-0.12675174619733287,
checkstyle,J48,productProcessModel,0.0,13.0,116.0,258.0,0.6666666666666666,0.0,0.0,NaN,0.48759384145565593,-0.121977639374478,
checkstyle,J48,textualModel,43.0,139.0,73.0,132.0,0.45219638242894056,0.23626373626373626,0.3706896551724138,0.28859060402684567,0.3999236544089579,-0.1305504596634878,
checkstyle,J48,productProcessTextualModel,0.0,13.0,116.0,258.0,0.6666666666666666,0.0,0.0,NaN,0.48759384145565593,-0.121977639374478,
checkstyle,J48,smellModel,0.0,0.0,116.0,271.0,0.7002583979328165,0.0,0.0,NaN,0.5,0.0,
checkstyle,J48,productProcessTextualSmellModel,0.0,13.0,116.0,258.0,0.6666666666666666,0.0,0.0,NaN,0.48759384145565593,-0.121977639374478,
checkstyle,J48,devRelModel,0.0,15.0,116.0,256.0,0.661498708010336,0.0,0.0,NaN,0.47232472324723246,-0.13137674839123936,
checkstyle,J48,allModel,0.0,13.0,116.0,258.0,0.6666666666666666,0.0,0.0,NaN,0.48759384145565593,-0.121977639374478,
checkstyle,Bayesian Network,productModel,880.0,3.0,2055.0,72.0,0.31627906976744186,0.9966024915062288,0.29982964224872233,0.460974332111053,0.6111073253833049,0.08895273036470824,
checkstyle,Bayesian Network,processModel,1431.0,61.0,1504.0,14.0,0.48006644518272423,0.9591152815013405,0.48756388415672913,0.6464874632934268,0.32068597387847814,-0.10156047903561918,
checkstyle,Bayesian Network,productProcessModel,1390.0,62.0,1545.0,13.0,0.46611295681063125,0.9573002754820936,0.4735945485519591,0.6336904490540233,0.3698784781374219,-0.11013644967584221,
checkstyle,Bayesian Network,textualModel,166.0,4.0,2769.0,71.0,0.0787375415282392,0.9764705882352941,0.0565587734241908,0.10692431561996778,0.4893560477001704,0.0021779105241632357,
checkstyle,Bayesian Network,productProcessTextualModel,1375.0,62.0,1560.0,13.0,0.4611295681063123,0.9568545581071677,0.4684838160136286,0.6290027447392497,0.34292333901192507,-0.11177552738183552,
checkstyle,Bayesian Network,smellModel,2935.0,75.0,0.0,0.0,0.9750830564784053,0.9750830564784053,1.0,0.9873843566021868,0.5,0.0,
checkstyle,Bayesian Network,productProcessTextualSmellModel,1375.0,62.0,1560.0,13.0,0.4611295681063123,0.9568545581071677,0.4684838160136286,0.6290027447392497,0.34292333901192507,-0.11177552738183552,
checkstyle,Bayesian Network,devRelModel,1140.0,57.0,1795.0,18.0,0.3847176079734219,0.9523809523809523,0.38841567291311757,0.5517909002904163,0.27381260647359457,-0.11834395933284386,
checkstyle,Bayesian Network,allModel,1256.0,57.0,1679.0,18.0,0.4232558139534884,0.9565879664889566,0.42793867120954004,0.5913370998116761,0.31371947756956275,-0.10437096568039117,
checkstyle,RandomForest,productModel,581.0,8.0,2354.0,67.0,0.21528239202657806,0.9864176570458404,0.1979557069846678,0.32973893303064694,0.6270096536059058,0.035867266850564405,
checkstyle,RandomForest,processModel,1238.0,58.0,1697.0,17.0,0.4169435215946844,0.9552469135802469,0.4218057921635434,0.5852044433939967,0.35550709823963655,-0.110658844586431,
checkstyle,RandomForest,productProcessModel,684.0,25.0,2251.0,50.0,0.24385382059800664,0.9647390691114246,0.23304940374787053,0.3754116355653129,0.4790823395797842,-0.03683702941158654,
checkstyle,RandomForest,textualModel,706.0,20.0,2229.0,55.0,0.2528239202657807,0.9724517906336089,0.2405451448040886,0.38568697077301284,0.5102169222032936,-0.009517366639815276,
checkstyle,RandomForest,productProcessTextualModel,723.0,24.0,2212.0,51.0,0.2571428571428571,0.9678714859437751,0.24633730834752982,0.39272134709397066,0.5427597955706984,-0.026581512608665113,
checkstyle,RandomForest,smellModel,2935.0,75.0,0.0,0.0,0.9750830564784053,0.9750830564784053,1.0,0.9873843566021868,0.5,0.0,
checkstyle,RandomForest,productProcessTextualSmellModel,723.0,24.0,2212.0,51.0,0.2571428571428571,0.9678714859437751,0.24633730834752982,0.39272134709397066,0.5427597955706984,-0.026581512608665113,
checkstyle,RandomForest,devRelModel,1068.0,37.0,1867.0,38.0,0.3674418604651163,0.9665158371040724,0.36388415672913116,0.5287128712871286,0.3871413969335605,-0.04186059025434826,
checkstyle,RandomForest,allModel,684.0,25.0,2251.0,50.0,0.24385382059800664,0.9647390691114246,0.23304940374787053,0.3754116355653129,0.5029346961953436,-0.03683702941158654,
checkstyle,Support Vector Machine,productModel,2020.0,39.0,915.0,36.0,0.6830564784053156,0.9810587663914522,0.6882453151618398,0.8089707649179014,0.58412265758092,0.05641040694274519,
checkstyle,Support Vector Machine,processModel,1935.0,75.0,1000.0,0.0,0.6428571428571429,0.9626865671641791,0.6592844974446337,0.782608695652174,0.32964224872231684,-0.11275311534819168,
checkstyle,Support Vector Machine,productProcessModel,1913.0,65.0,1022.0,10.0,0.6388704318936878,0.9671385237613751,0.6517887563884157,0.7787502544270305,0.3925610448608745,-0.07056241952640377,
checkstyle,Support Vector Machine,textualModel,1137.0,36.0,1798.0,39.0,0.39069767441860465,0.969309462915601,0.38739352640545144,0.5535540408958131,0.45369676320272573,-0.029598687064048012,
checkstyle,Support Vector Machine,productProcessTextualModel,1213.0,36.0,1722.0,39.0,0.4159468438538206,0.9711769415532426,0.4132879045996593,0.579827915869981,0.46664395229982963,-0.021104660447979626,
checkstyle,Support Vector Machine,smellModel,2935.0,75.0,0.0,0.0,0.9750830564784053,0.9750830564784053,1.0,0.9873843566021868,0.5,0.0,
checkstyle,Support Vector Machine,productProcessTextualSmellModel,1213.0,36.0,1722.0,39.0,0.4159468438538206,0.9711769415532426,0.4132879045996593,0.579827915869981,0.46664395229982963,-0.021104660447979626,
checkstyle,Support Vector Machine,devRelModel,1953.0,75.0,982.0,0.0,0.6488372093023256,0.9630177514792899,0.6654173764906304,0.7870239774330042,0.3327086882453152,-0.11123676430629702,
checkstyle,Support Vector Machine,allModel,881.0,32.0,2054.0,43.0,0.30697674418604654,0.9649507119386638,0.3001703577512777,0.4579002079002079,0.4367518455423055,-0.04289216161737374,
checkstyle,J48,productModel,788.0,7.0,2147.0,68.0,0.2843853820598007,0.9911949685534591,0.26848381601362864,0.4225201072386059,0.6030346394094265,0.0619263657342593,
checkstyle,J48,processModel,1541.0,61.0,1394.0,14.0,0.5166112956810631,0.9619225967540574,0.5250425894378195,0.6793035045184043,0.3362839295854628,-0.09006017779424075,
checkstyle,J48,productProcessModel,1227.0,39.0,1708.0,36.0,0.4196013289036545,0.9691943127962085,0.4180579216354344,0.5841466317543442,0.42629415105053947,-0.032188302563765064,
checkstyle,J48,textualModel,111.0,4.0,2824.0,71.0,0.06046511627906977,0.9652173913043478,0.037819420783645655,0.07278688524590163,0.4713571834185122,-0.012614871161260779,
checkstyle,J48,productProcessTextualModel,882.0,28.0,2053.0,47.0,0.3086378737541528,0.9692307692307692,0.300511073253833,0.458777633289987,0.3997296990346394,-0.024715448416131564,
checkstyle,J48,smellModel,2935.0,75.0,0.0,0.0,0.9750830564784053,0.9750830564784053,1.0,0.9873843566021868,0.5,0.0,
checkstyle,J48,productProcessTextualSmellModel,882.0,28.0,2053.0,47.0,0.3086378737541528,0.9692307692307692,0.300511073253833,0.458777633289987,0.3997296990346394,-0.024715448416131564,
checkstyle,J48,devRelModel,1260.0,57.0,1675.0,18.0,0.4245847176079734,0.9567198177676538,0.4293015332197615,0.5926622765757291,0.34865644520159,-0.10390716587132483,
checkstyle,J48,allModel,776.0,19.0,2159.0,56.0,0.2764119601328904,0.9761006289308176,0.2643952299829642,0.41608579088471853,0.3843134582623509,0.003911054352559238,
checkstyle,Bayesian Network,productModel,2474.0,63.0,689.0,12.0,0.7677578752316244,0.9751675206937328,0.7821688270629149,0.8680701754385964,0.3633976182948677,-0.021121413835587785,
checkstyle,Bayesian Network,processModel,1406.0,14.0,1757.0,61.0,0.45305744286596666,0.9901408450704225,0.4445147012330066,0.613571896137901,0.5434186953314364,0.07816330984097815,
checkstyle,Bayesian Network,productProcessModel,2387.0,64.0,776.0,11.0,0.7405806053119209,0.9738882088943288,0.7546632943408157,0.8503740648379051,0.48948045104858257,-0.03460242258424498,
checkstyle,Bayesian Network,textualModel,2765.0,62.0,398.0,13.0,0.8579369981470043,0.9780686239830209,0.8741700916851091,0.9232053422370617,0.40262619875645483,0.021464527662335517,
checkstyle,Bayesian Network,productProcessTextualModel,2836.0,65.0,327.0,10.0,0.8789376158122297,0.9775939331265081,0.8966171356307303,0.9353562005277044,0.45759721783117296,0.014753499278294654,
checkstyle,Bayesian Network,smellModel,358.0,3.0,2805.0,72.0,0.13279802347127856,0.9916897506925207,0.11318368637369586,0.20317820658342794,0.5365918431868479,0.034976067429132916,
checkstyle,Bayesian Network,productProcessTextualSmellModel,2836.0,65.0,327.0,10.0,0.8789376158122297,0.9775939331265081,0.8966171356307303,0.9353562005277044,0.45759721783117296,0.014753499278294654,
checkstyle,Bayesian Network,devRelModel,1969.0,50.0,1194.0,25.0,0.6158122297714639,0.9752352649826647,0.6225102750553272,0.7599382477807796,0.5169037833280641,-0.013708937350022451,
checkstyle,Bayesian Network,allModel,2836.0,65.0,327.0,10.0,0.8789376158122297,0.9775939331265081,0.8966171356307303,0.9353562005277044,0.45759721783117296,0.014753499278294654,
checkstyle,RandomForest,productModel,2580.0,67.0,583.0,8.0,0.7992588017294626,0.9746883264072534,0.8156813152070819,0.8881239242685025,0.4562356412688376,-0.030238640639297962,
checkstyle,RandomForest,processModel,2030.0,54.0,1133.0,21.0,0.6334156886967264,0.974088291746641,0.6417957635156497,0.7737754907566228,0.5182484982611445,-0.024561718308331447,
checkstyle,RandomForest,productProcessModel,2681.0,72.0,482.0,3.0,0.8289067325509574,0.9738467126770796,0.8476130256085994,0.9063556457065585,0.4036421119190642,-0.04737205580749142,
checkstyle,RandomForest,textualModel,2919.0,71.0,244.0,4.0,0.9027177269919704,0.9762541806020066,0.92285804615871,0.9488054607508533,0.41606702497628834,-0.013466446988884955,
checkstyle,RandomForest,productProcessTextualModel,2898.0,72.0,265.0,3.0,0.8959234095120445,0.9757575757575757,0.9162187796395826,0.9450513614870373,0.467086099694383,-0.02390135205823484,
checkstyle,RandomForest,smellModel,365.0,4.0,2798.0,71.0,0.13465101914762198,0.989159891598916,0.115396775213405,0.20668176670441676,0.5303214248076721,0.02937904180660683,
checkstyle,RandomForest,productProcessTextualSmellModel,2898.0,72.0,265.0,3.0,0.8959234095120445,0.9757575757575757,0.9162187796395826,0.9450513614870373,0.467086099694383,-0.02390135205823484,
checkstyle,RandomForest,devRelModel,2031.0,50.0,1132.0,25.0,0.6349598517603459,0.9759730898606439,0.6421119190641795,0.7745995423340961,0.5252734745494784,-0.007707490222450785,
checkstyle,RandomForest,allModel,2898.0,72.0,265.0,3.0,0.8959234095120445,0.9757575757575757,0.9162187796395826,0.9450513614870373,0.467086099694383,-0.02390135205823484,
checkstyle,Support Vector Machine,productModel,2329.0,64.0,834.0,11.0,0.7226683137739345,0.973255328040117,0.7363262725260828,0.8383729301655868,0.44149646959637473,-0.040076759092634265,
checkstyle,Support Vector Machine,processModel,888.0,1.0,2275.0,74.0,0.2970969734403953,0.9988751406074241,0.2807461270945305,0.4383020730503456,0.6337063968805986,0.09013013468318147,
checkstyle,Support Vector Machine,productProcessModel,2266.0,62.0,897.0,13.0,0.7038295243977764,0.9733676975945017,0.7164084729687006,0.8253505736659988,0.44487090315101696,-0.03689596867437079,
checkstyle,Support Vector Machine,textualModel,689.0,34.0,2474.0,41.0,0.22544780728844965,0.9529737206085753,0.21783117293708504,0.3546062789500772,0.38224891980187586,-0.08506227226540762,
checkstyle,Support Vector Machine,productProcessTextualModel,2081.0,60.0,1082.0,15.0,0.6473131562693021,0.9719757122839795,0.6579196964906734,0.7846907993966817,0.42895984824533673,-0.04515464750850793,
checkstyle,Support Vector Machine,smellModel,3163.0,75.0,0.0,0.0,0.9768375540457073,0.9768375540457073,1.0,0.9882830807686299,0.5,0.0,
checkstyle,Support Vector Machine,productProcessTextualSmellModel,2081.0,60.0,1082.0,15.0,0.6473131562693021,0.9719757122839795,0.6579196964906734,0.7846907993966817,0.42895984824533673,-0.04515464750850793,
checkstyle,Support Vector Machine,devRelModel,718.0,1.0,2445.0,74.0,0.2445954292773317,0.9986091794158554,0.22699968384445146,0.3699124162802679,0.606833175255559,0.07732818751024488,
checkstyle,Support Vector Machine,allModel,2081.0,60.0,1082.0,15.0,0.6473131562693021,0.9719757122839795,0.6579196964906734,0.7846907993966817,0.42895984824533673,-0.04515464750850793,
checkstyle,J48,productModel,2499.0,67.0,664.0,8.0,0.7742433600988264,0.9738893219017927,0.7900727157761619,0.8724035608308606,0.3890462640952682,-0.038300283015933405,
checkstyle,J48,processModel,2069.0,54.0,1094.0,21.0,0.6454601605929586,0.9745642958078191,0.6541258299083149,0.7828225501324253,0.5357930235008957,-0.020853691942990044,
checkstyle,J48,productProcessModel,2561.0,72.0,602.0,3.0,0.7918468190240889,0.9726547664261299,0.8096743597850142,0.883712905452036,0.41469069448835494,-0.05801097608263533,
checkstyle,J48,textualModel,2559.0,65.0,604.0,10.0,0.7933909820877084,0.9752286585365854,0.8090420486879545,0.8843960601347849,0.40796290441563915,-0.022111702674944184,
checkstyle,J48,productProcessTextualModel,2852.0,72.0,311.0,3.0,0.8817171093267449,0.9753761969904241,0.9016756244072084,0.9370790208641367,0.40736642428074615,-0.029646731320627045,
checkstyle,J48,smellModel,358.0,3.0,2805.0,72.0,0.13279802347127856,0.9916897506925207,0.11318368637369586,0.20317820658342794,0.5365918431868479,0.034976067429132916,
checkstyle,J48,productProcessTextualSmellModel,2852.0,72.0,311.0,3.0,0.8817171093267449,0.9753761969904241,0.9016756244072084,0.9370790208641367,0.40736642428074615,-0.029646731320627045,
checkstyle,J48,devRelModel,2026.0,50.0,1137.0,25.0,0.6334156886967264,0.9759152215799615,0.6405311413215302,0.7734300439015078,0.5273980398355991,-0.008195863622717889,
checkstyle,J48,allModel,2852.0,72.0,311.0,3.0,0.8817171093267449,0.9753761969904241,0.9016756244072084,0.9370790208641367,0.40736642428074615,-0.029646731320627045,
checkstyle,Bayesian Network,productModel,1923.0,2.0,494.0,9.0,0.7957166392092258,0.9989610389610389,0.795614398014067,0.8857669276830953,0.7923045097227969,0.1017090306385288,
checkstyle,Bayesian Network,processModel,1645.0,0.0,772.0,11.0,0.6820428336079077,1.0,0.6805957798924286,0.8099458394879369,0.8315342084477376,0.0977822637782532,
checkstyle,Bayesian Network,productProcessModel,1700.0,0.0,717.0,11.0,0.7046952224052718,1.0,0.703351261894911,0.8258440612096186,0.9313198179561439,0.1030900590546181,
checkstyle,Bayesian Network,textualModel,2267.0,11.0,150.0,0.0,0.9336902800658978,0.995171202809482,0.9379395945386844,0.9657082002129926,0.5459058938579004,-0.01731118457916757,
checkstyle,Bayesian Network,productProcessTextualModel,2204.0,7.0,213.0,4.0,0.9093904448105437,0.9968340117593849,0.9118742242449317,0.9524632670700087,0.8638056192876218,0.06485578540690536,
checkstyle,Bayesian Network,smellModel,367.0,6.0,2050.0,5.0,0.15321252059308071,0.9839142091152815,0.15184112536201902,0.2630824372759856,0.3031932899537368,-0.07330679558647575,
checkstyle,Bayesian Network,productProcessTextualSmellModel,2204.0,7.0,213.0,4.0,0.9093904448105437,0.9968340117593849,0.9118742242449317,0.9524632670700087,0.8638056192876218,0.06485578540690536,
checkstyle,Bayesian Network,devRelModel,1717.0,1.0,700.0,10.0,0.7112850082372323,0.9994179278230501,0.7103847745138602,0.830471584038694,0.7798924286305338,0.09145725815107736,
checkstyle,Bayesian Network,allModel,2325.0,8.0,92.0,3.0,0.9588138385502472,0.9965709387055294,0.961936284650393,0.9789473684210526,0.7966111257381427,0.08127577994636052,
checkstyle,RandomForest,productModel,2159.0,10.0,258.0,1.0,0.8896210873146623,0.9953895804518211,0.893256102606537,0.941561273440907,0.30556286907135066,-0.0034448298046157815,
checkstyle,RandomForest,processModel,1713.0,1.0,704.0,10.0,0.7096375617792422,0.9994165694282381,0.7087298303682251,0.8293391430646333,0.7829390303531801,0.09106314306991635,
checkstyle,RandomForest,productProcessModel,2097.0,7.0,320.0,4.0,0.8653212520593081,0.9966730038022814,0.8676044683491932,0.9276708692767086,0.7628352202204085,0.04566714045643981,
checkstyle,RandomForest,textualModel,2331.0,11.0,86.0,0.0,0.9600494233937397,0.9953031596925704,0.9644187008688456,0.9796175667156966,0.5925828412381992,-0.012927477710284926,
checkstyle,RandomForest,productProcessTextualModel,2295.0,6.0,122.0,5.0,0.9472817133443163,0.9973924380704041,0.9495242035581299,0.9728698601102161,0.8291834355135969,0.12187952083377634,
checkstyle,RandomForest,smellModel,367.0,6.0,2050.0,5.0,0.15321252059308071,0.9839142091152815,0.15184112536201902,0.2630824372759856,0.3025914920825968,-0.07330679558647575,
checkstyle,RandomForest,productProcessTextualSmellModel,2295.0,6.0,122.0,5.0,0.9472817133443163,0.9973924380704041,0.9495242035581299,0.9728698601102161,0.8291834355135969,0.12187952083377634,
checkstyle,RandomForest,devRelModel,1714.0,1.0,703.0,10.0,0.7100494233937397,0.9994169096209913,0.7091435664046338,0.8296224588576961,0.7912513634483018,0.09116141554830946,
checkstyle,RandomForest,allModel,2306.0,7.0,111.0,4.0,0.9514003294892917,0.9969736273238219,0.9540752999586264,0.9750528541226215,0.8148343175236018,0.10044563990170129,
checkstyle,Support Vector Machine,productModel,1983.0,5.0,434.0,6.0,0.8191927512355849,0.9974849094567404,0.8204385601985933,0.9003405221339388,0.6829465528265694,0.06379025905929948,
checkstyle,Support Vector Machine,processModel,857.0,0.0,1560.0,11.0,0.357495881383855,1.0,0.3545717832023169,0.5235186316432499,0.6772858916011585,0.049826494727667404,
checkstyle,Support Vector Machine,productProcessModel,805.0,0.0,1612.0,11.0,0.33607907742998355,1.0,0.3330575093090608,0.49968963376784603,0.6665287546545304,0.04751127636297236,
checkstyle,Support Vector Machine,textualModel,1850.0,7.0,567.0,4.0,0.7635914332784185,0.996230479267636,0.7654116673562267,0.8656995788488535,0.5645240154962952,0.020434407241746007,
checkstyle,Support Vector Machine,productProcessTextualModel,815.0,0.0,1602.0,11.0,0.3401976935749588,1.0,0.33719486967314855,0.5043316831683168,0.6685974348365743,0.047953425730687005,
checkstyle,Support Vector Machine,smellModel,2407.0,11.0,10.0,0.0,0.9913509060955519,0.9954507857733664,0.9958626396359123,0.9956566701137538,0.49793131981795613,-0.004338402773950076,
checkstyle,Support Vector Machine,productProcessTextualSmellModel,815.0,0.0,1602.0,11.0,0.3401976935749588,1.0,0.33719486967314855,0.5043316831683168,0.6685974348365743,0.047953425730687005,
checkstyle,Support Vector Machine,devRelModel,523.0,1.0,1894.0,10.0,0.21952224052718286,0.9980916030534351,0.21638394704178734,0.35566133968038083,0.5627374280663482,0.020482938388358355,
checkstyle,Support Vector Machine,allModel,589.0,1.0,1828.0,10.0,0.24670510708401977,0.9983050847457627,0.24369052544476624,0.3917525773195876,0.5763907172678376,0.023922496071747856,
checkstyle,J48,productModel,2001.0,6.0,416.0,5.0,0.8261943986820428,0.9970104633781763,0.8278858088539511,0.904611211573237,0.570767668409373,0.050099420496697425,
checkstyle,J48,processModel,1577.0,0.0,840.0,11.0,0.6540362438220758,1.0,0.6524617294166322,0.7896845267901853,0.8667769962763757,0.09183518051508631,
checkstyle,J48,productProcessModel,1971.0,9.0,446.0,2.0,0.8126029654036244,0.9954545454545455,0.815473727761688,0.896520354787355,0.49866476097340806,-4.688416940732472E-4,
checkstyle,J48,textualModel,2286.0,11.0,131.0,0.0,0.9415156507413509,0.9952111449717023,0.945800579230451,0.9698769622401358,0.4729002896152255,-0.016110653887508167,
checkstyle,J48,productProcessTextualModel,2146.0,2.0,271.0,9.0,0.8875617792421746,0.9990689013035382,0.887877534133223,0.940197152245345,0.8376838304434499,0.1484498364878702,
checkstyle,J48,smellModel,367.0,6.0,2050.0,5.0,0.15321252059308071,0.9839142091152815,0.15184112536201902,0.2630824372759856,0.3031932899537368,-0.07330679558647575,
checkstyle,J48,productProcessTextualSmellModel,2146.0,2.0,271.0,9.0,0.8875617792421746,0.9990689013035382,0.887877534133223,0.940197152245345,0.8376838304434499,0.1484498364878702,
checkstyle,J48,devRelModel,1618.0,0.0,799.0,11.0,0.6709225700164745,1.0,0.6694249069093918,0.8019826517967782,0.8017828261932524,0.09534650243155232,
checkstyle,J48,allModel,2057.0,2.0,360.0,9.0,0.8509060955518946,0.9990286546867412,0.8510550268928424,0.919124218051832,0.869052544476624,0.12519101328348753,
checkstyle,Bayesian Network,productModel,3364.0,27.0,91.0,0.0,0.9661114302125215,0.9920377469772929,0.9736613603473228,0.9827636576102834,0.4088760250844187,-0.014481536976043824,
checkstyle,Bayesian Network,processModel,2800.0,5.0,655.0,22.0,0.8104537622056289,0.9982174688057041,0.8104196816208393,0.8945686900958467,0.7963177359704132,0.13857601631670044,
checkstyle,Bayesian Network,productProcessModel,3321.0,23.0,134.0,4.0,0.9549109707064906,0.993122009569378,0.9612156295224312,0.9769083688777761,0.780527415983277,0.04917073879744745,
checkstyle,Bayesian Network,textualModel,3441.0,27.0,14.0,0.0,0.9882251579551982,0.9922145328719724,0.9959479015918958,0.9940777119745775,0.36134962748566224,-0.00561671424908091,
checkstyle,Bayesian Network,productProcessTextualModel,3343.0,27.0,112.0,0.0,0.960080413555428,0.9919881305637982,0.9675832127351665,0.9796336996336996,0.7504368333601329,-0.016115801782938855,
checkstyle,Bayesian Network,smellModel,3024.0,26.0,431.0,1.0,0.8687535898908674,0.9914754098360655,0.8752532561505065,0.9297463489623367,0.45614514659377176,-0.023337899974987048,
checkstyle,Bayesian Network,productProcessTextualSmellModel,3343.0,27.0,112.0,0.0,0.960080413555428,0.9919881305637982,0.9675832127351665,0.9796336996336996,0.7504368333601329,-0.016115801782938855,
checkstyle,Bayesian Network,devRelModel,2718.0,5.0,737.0,22.0,0.7869040781160253,0.9981637899375688,0.786685962373372,0.879896406604079,0.8028729163316718,0.1277901535966538,
checkstyle,Bayesian Network,allModel,3338.0,26.0,117.0,1.0,0.9589316484778863,0.9922711058263971,0.966136034732272,0.9790291831646869,0.7492844508763467,0.0015382141634771402,
checkstyle,RandomForest,productModel,3440.0,27.0,15.0,0.0,0.9879379666858128,0.9922122872800693,0.9956584659913169,0.9939323894828085,0.48070965321327114,-0.005814689985152535,
checkstyle,RandomForest,processModel,2800.0,5.0,655.0,22.0,0.8104537622056289,0.9982174688057041,0.8104196816208393,0.8945686900958467,0.7960122206142467,0.13857601631670044,
checkstyle,RandomForest,productProcessModel,3441.0,27.0,14.0,0.0,0.9882251579551982,0.9922145328719724,0.9959479015918958,0.9940777119745775,0.5385056547140483,-0.00561671424908091,
checkstyle,RandomForest,textualModel,2809.0,27.0,646.0,0.0,0.8067202757036186,0.9904795486600846,0.8130246020260492,0.8930217771419487,0.3958031837916064,-0.042191114919759,
checkstyle,RandomForest,productProcessTextualModel,3436.0,27.0,19.0,0.0,0.9867892016082711,0.9922032919434016,0.9945007235890014,0.9933506793871061,0.5100176877311465,-0.006547996082702978,
checkstyle,RandomForest,smellModel,3028.0,26.0,427.0,1.0,0.869902354968409,0.991486574983628,0.876410998552822,0.9304040559225688,0.4592378195851423,-0.023122055339305076,
checkstyle,RandomForest,productProcessTextualSmellModel,3436.0,27.0,19.0,0.0,0.9867892016082711,0.9922032919434016,0.9945007235890014,0.9933506793871061,0.5100176877311465,-0.006547996082702978,
checkstyle,RandomForest,devRelModel,2718.0,5.0,737.0,22.0,0.7869040781160253,0.9981637899375688,0.786685962373372,0.879896406604079,0.7860427721498633,0.1277901535966538,
checkstyle,RandomForest,allModel,3440.0,27.0,15.0,0.0,0.9879379666858128,0.9922122872800693,0.9956584659913169,0.9939323894828085,0.5892855228600525,-0.005814689985152535,
checkstyle,Support Vector Machine,productModel,2704.0,12.0,751.0,15.0,0.7808730614589316,0.9955817378497791,0.7826338639652677,0.8763571544320207,0.6690947097604116,0.0716121407534064,
checkstyle,Support Vector Machine,processModel,1707.0,2.0,1748.0,25.0,0.4974152785755313,0.9988297249853716,0.49406657018813316,0.6611154144074362,0.7099962480570295,0.07369228784855902,
checkstyle,Support Vector Machine,productProcessModel,2791.0,17.0,664.0,10.0,0.8044227455485353,0.9939458689458689,0.8078147612156296,0.8912661663739423,0.589092565793,0.03955932476437272,
checkstyle,Support Vector Machine,textualModel,3206.0,26.0,249.0,1.0,0.9210224009190121,0.9919554455445545,0.927930535455861,0.958875429938687,0.48248378624644905,-0.011903384424562704,
checkstyle,Support Vector Machine,productProcessTextualModel,2587.0,7.0,868.0,20.0,0.7487076392877656,0.9973014649190439,0.7487698986975398,0.8553479914035378,0.7447553197191402,0.09850915068529241,
checkstyle,Support Vector Machine,smellModel,3028.0,26.0,427.0,1.0,0.869902354968409,0.991486574983628,0.876410998552822,0.9304040559225688,0.4567240177949295,-0.023122055339305076,
checkstyle,Support Vector Machine,productProcessTextualSmellModel,2587.0,7.0,868.0,20.0,0.7487076392877656,0.9973014649190439,0.7487698986975398,0.8553479914035378,0.7447553197191402,0.09850915068529241,
checkstyle,Support Vector Machine,devRelModel,3084.0,20.0,371.0,7.0,0.8877082136703044,0.9935567010309279,0.8926193921852388,0.9403872541545967,0.575939325722249,0.042824853310503605,
checkstyle,Support Vector Machine,allModel,3225.0,20.0,230.0,7.0,0.9282021826536473,0.9938366718027735,0.9334298118668596,0.9626865671641791,0.5963445355630594,0.06710910819197557,
checkstyle,J48,productModel,3367.0,26.0,88.0,1.0,0.9672601952900631,0.9923371647509579,0.9745296671490593,0.9833528037383177,0.5059334298118668,0.006428780586599817,
checkstyle,J48,processModel,2754.0,5.0,701.0,22.0,0.7972429638139,0.9981877491844872,0.7971056439942112,0.8863855809462503,0.7920512408211395,0.13232925960637323,
checkstyle,J48,productProcessModel,3375.0,24.0,80.0,3.0,0.9701321079839172,0.9929390997352162,0.9768451519536903,0.9848263787569302,0.5442032481106287,0.050577580382251894,
checkstyle,J48,textualModel,2749.0,27.0,706.0,0.0,0.789488799540494,0.9902737752161384,0.795658465991317,0.8823623816401862,0.3978292329956585,-0.04458106876744394,
checkstyle,J48,productProcessTextualModel,3378.0,26.0,77.0,1.0,0.9704192992533027,0.9923619271445359,0.9777134587554269,0.9849832337075376,0.5074449268371121,0.008743200723942425,
checkstyle,J48,smellModel,3024.0,26.0,431.0,1.0,0.8687535898908674,0.9914754098360655,0.8752532561505065,0.9297463489623367,0.45614514659377176,-0.023337899974987048,
checkstyle,J48,productProcessTextualSmellModel,3378.0,26.0,77.0,1.0,0.9704192992533027,0.9923619271445359,0.9777134587554269,0.9849832337075376,0.5074449268371121,0.008743200723942425,
checkstyle,J48,devRelModel,2573.0,5.0,882.0,22.0,0.7452613440551408,0.9980605120248255,0.7447178002894356,0.8529753025029007,0.7569652141287453,0.11194524283853417,
checkstyle,J48,allModel,3362.0,26.0,93.0,1.0,0.9658242389431362,0.9923258559622196,0.973082489146165,0.9826099663890107,0.5051991209733612,0.005476845108259756,
checkstyle,Bayesian Network,productModel,2243.0,54.0,250.0,29.0,0.8819875776397516,0.9764910753156291,0.8997192137986362,0.9365344467640918,0.5415379931277456,0.14155349934812297,
checkstyle,Bayesian Network,processModel,1634.0,43.0,859.0,40.0,0.6498447204968945,0.9743589743589743,0.655435218612114,0.7836930455635491,0.5700515660717479,0.050888933871731316,
checkstyle,Bayesian Network,productProcessModel,1981.0,59.0,512.0,24.0,0.7783385093167702,0.971078431372549,0.7946249498596069,0.8740348555040811,0.6053890652864165,0.03644611442312039,
checkstyle,Bayesian Network,textualModel,2426.0,83.0,67.0,0.0,0.9417701863354038,0.9669190912714228,0.9731247492980345,0.9700119952019193,0.6136072569459547,-0.029817070874405972,
checkstyle,Bayesian Network,productProcessTextualModel,2394.0,82.0,99.0,1.0,0.9297360248447205,0.9668820678513732,0.9602888086642599,0.9635741597907024,0.6213325020901899,-0.025288561126431696,
checkstyle,Bayesian Network,smellModel,344.0,14.0,2149.0,69.0,0.16032608695652173,0.9608938547486033,0.1379863618130766,0.24131883549631705,0.4846558315089479,-0.015665752308527858,
checkstyle,Bayesian Network,productProcessTextualSmellModel,2394.0,82.0,99.0,1.0,0.9297360248447205,0.9668820678513732,0.9602888086642599,0.9635741597907024,0.6213325020901899,-0.025288561126431696,
checkstyle,Bayesian Network,devRelModel,1583.0,40.0,910.0,43.0,0.6312111801242236,0.9753542821934689,0.6349779382270357,0.7691933916423713,0.5883026691603961,0.05597942772279444,
checkstyle,Bayesian Network,allModel,2394.0,82.0,99.0,1.0,0.9297360248447205,0.9668820678513732,0.9602888086642599,0.9635741597907024,0.6213325020901899,-0.025288561126431696,
checkstyle,RandomForest,productModel,2248.0,58.0,245.0,25.0,0.8823757763975155,0.9748482220294883,0.9017248295226634,0.936861846217962,0.6023347300151267,0.11698607107698504,
checkstyle,RandomForest,processModel,1630.0,43.0,863.0,40.0,0.6482919254658385,0.9742976688583384,0.653830726032892,0.7825252040326451,0.5750051952696466,0.05024295436377214,
checkstyle,RandomForest,productProcessModel,2465.0,83.0,28.0,0.0,0.9569099378881988,0.967425431711146,0.9887685519454472,0.9779805594128148,0.6037193297860516,-0.01912745596350296,
checkstyle,RandomForest,textualModel,2438.0,83.0,55.0,0.0,0.9464285714285714,0.9670765569218565,0.9779382270357,0.9724770642201835,0.4676685079668856,-0.026950872460702636,
checkstyle,RandomForest,productProcessTextualModel,2463.0,82.0,30.0,1.0,0.9565217391304348,0.9677799607072691,0.9879663056558363,0.9777689559348949,0.5499205002923849,2.3479904654429886E-5,
checkstyle,RandomForest,smellModel,352.0,14.0,2141.0,69.0,0.16343167701863354,0.9617486338797814,0.14119534697152025,0.2462399440363763,0.4857673775728667,-0.013898565891998756,
checkstyle,RandomForest,productProcessTextualSmellModel,2463.0,82.0,30.0,1.0,0.9565217391304348,0.9677799607072691,0.9879663056558363,0.9777689559348949,0.5499205002923849,2.3479904654429886E-5,
checkstyle,RandomForest,devRelModel,1583.0,40.0,910.0,43.0,0.6312111801242236,0.9753542821934689,0.6349779382270357,0.7691933916423713,0.5881456028687554,0.05597942772279444,
checkstyle,RandomForest,allModel,2463.0,82.0,30.0,1.0,0.9565217391304348,0.9677799607072691,0.9879663056558363,0.9777689559348949,0.5499205002923849,2.3479904654429886E-5,
checkstyle,Support Vector Machine,productModel,1710.0,42.0,783.0,41.0,0.6797360248447205,0.976027397260274,0.6859205776173285,0.8056537102473499,0.5899482406158931,0.06810707003146876,
checkstyle,Support Vector Machine,processModel,403.0,0.0,2090.0,83.0,0.18866459627329193,1.0,0.16165262735659847,0.27831491712707185,0.5808263136782993,0.07857792691670042,
checkstyle,Support Vector Machine,productProcessModel,1780.0,42.0,713.0,41.0,0.7069099378881988,0.9769484083424808,0.7139991977537103,0.8250289687137892,0.6039875506840842,0.08071452045036631,
checkstyle,Support Vector Machine,textualModel,1815.0,43.0,678.0,40.0,0.720108695652174,0.9768568353067815,0.7280385078219013,0.8342909675936565,0.6049831093326374,0.08269219792890226,
checkstyle,Support Vector Machine,productProcessTextualModel,1634.0,37.0,859.0,46.0,0.6521739130434783,0.9778575703171754,0.655435218612114,0.7848222862632084,0.6048260430409967,0.07755090297921434,
checkstyle,Support Vector Machine,smellModel,2493.0,83.0,0.0,0.0,0.96777950310559,0.96777950310559,1.0,0.9836259617281515,0.5,0.0,
checkstyle,Support Vector Machine,productProcessTextualSmellModel,1634.0,37.0,859.0,46.0,0.6521739130434783,0.9778575703171754,0.655435218612114,0.7848222862632084,0.6048260430409967,0.07755090297921434,
checkstyle,Support Vector Machine,devRelModel,383.0,0.0,2110.0,83.0,0.18090062111801242,1.0,0.15363016446048938,0.2663421418636996,0.5768150822302447,0.07625318319989675,
checkstyle,Support Vector Machine,allModel,1634.0,37.0,859.0,46.0,0.6521739130434783,0.9778575703171754,0.655435218612114,0.7848222862632084,0.6048260430409967,0.07755090297921434,
checkstyle,J48,productModel,2299.0,58.0,194.0,25.0,0.9021739130434783,0.9753924480271532,0.9221821099077416,0.948041237113402,0.6189958389514738,0.14143473948385493,
checkstyle,J48,processModel,1618.0,43.0,875.0,40.0,0.6436335403726708,0.9741119807344973,0.6490172482952267,0.7790081848820414,0.559073840488307,0.048316293043943304,
checkstyle,J48,productProcessModel,2274.0,61.0,219.0,22.0,0.8913043478260869,0.9738758029978587,0.9121540312876053,0.9420049710024855,0.5891218302814145,0.10746002005955253,
checkstyle,J48,textualModel,2421.0,83.0,72.0,0.0,0.9398291925465838,0.96685303514377,0.9711191335740073,0.9689813888332999,0.4855595667870036,-0.03094047615082639,
checkstyle,J48,productProcessTextualModel,2305.0,62.0,188.0,21.0,0.9029503105590062,0.9738065061258978,0.9245888487765744,0.9485596707818932,0.5903662785921061,0.11486112569472708,
checkstyle,J48,smellModel,344.0,14.0,2149.0,69.0,0.16032608695652173,0.9608938547486033,0.1379863618130766,0.24131883549631705,0.4846558315089479,-0.015665752308527858,
checkstyle,J48,productProcessTextualSmellModel,2305.0,62.0,188.0,21.0,0.9029503105590062,0.9738065061258978,0.9245888487765744,0.9485596707818932,0.5903662785921061,0.11486112569472708,
checkstyle,J48,devRelModel,1577.0,40.0,916.0,43.0,0.6288819875776398,0.9752628324056896,0.6325711993582029,0.767396593673966,0.54960153490013,0.055028317725438536,
checkstyle,J48,allModel,2305.0,62.0,188.0,21.0,0.9029503105590062,0.9738065061258978,0.9245888487765744,0.9485596707818932,0.5903662785921061,0.11486112569472708,
checkstyle,Bayesian Network,productModel,2011.0,38.0,466.0,19.0,0.8011049723756906,0.9814543679843827,0.811869196608801,0.8886433937251436,0.5230789934060018,0.05473092220831003,
checkstyle,Bayesian Network,processModel,1628.0,4.0,849.0,53.0,0.6633780584056828,0.9975490196078431,0.6572466693580945,0.7924069116573376,0.8097797987095312,0.18181423526369087,
checkstyle,Bayesian Network,productProcessModel,1962.0,23.0,515.0,34.0,0.7876874506708761,0.9884130982367758,0.7920872022607993,0.8794262662483191,0.7333999107579202,0.13986617332969345,
checkstyle,Bayesian Network,textualModel,1879.0,53.0,598.0,4.0,0.7430939226519337,0.972567287784679,0.7585789261203069,0.852347471081878,0.3855222432342463,-0.05966479261793825,
checkstyle,Bayesian Network,productProcessTextualModel,2227.0,45.0,250.0,12.0,0.8835832675611681,0.980193661971831,0.899071457408155,0.937881659296694,0.5964097769656276,0.05337616316492911,
checkstyle,Bayesian Network,smellModel,2477.0,57.0,0.0,0.0,0.9775059194948698,0.9775059194948698,1.0,0.9886250249451207,0.5,0.0,
checkstyle,Bayesian Network,productProcessTextualSmellModel,2227.0,45.0,250.0,12.0,0.8835832675611681,0.980193661971831,0.899071457408155,0.937881659296694,0.5964097769656276,0.05337616316492911,
checkstyle,Bayesian Network,devRelModel,1597.0,4.0,880.0,53.0,0.6511444356748224,0.9975015615240475,0.6447315300767057,0.7832270720941638,0.7981322907591951,0.17664297755277306,
checkstyle,Bayesian Network,allModel,2227.0,45.0,250.0,12.0,0.8835832675611681,0.980193661971831,0.899071457408155,0.937881659296694,0.5964097769656276,0.05337616316492911,
checkstyle,RandomForest,productModel,2200.0,43.0,277.0,14.0,0.8737174427782163,0.9808292465448061,0.8881711748082358,0.9322033898305084,0.5488317078525947,0.062222492523184715,
checkstyle,RandomForest,processModel,1650.0,4.0,827.0,53.0,0.6720599842146804,0.9975816203143894,0.6661283811061768,0.7988380537400145,0.7769160487006778,0.1856108291867859,
checkstyle,RandomForest,productProcessModel,2413.0,54.0,64.0,3.0,0.9534333070244673,0.9781110660721524,0.9741622930964877,0.9761326860841424,0.7274858522972752,0.0247636087649768,
checkstyle,RandomForest,textualModel,1985.0,56.0,492.0,1.0,0.7837411207576953,0.972562469377756,0.8013726281792491,0.8787073926516158,0.4123054912209875,-0.0678319618990549,
checkstyle,RandomForest,productProcessTextualModel,2367.0,55.0,110.0,2.0,0.9348855564325178,0.9772914946325351,0.9555914412595882,0.966319657072872,0.4586617937658033,-0.006724490392175161,
checkstyle,RandomForest,smellModel,2463.0,57.0,14.0,0.0,0.9719810576164167,0.9773809523809524,0.9943480016148567,0.9857914748849308,0.49717400080742835,-0.011306759952185106,
checkstyle,RandomForest,productProcessTextualSmellModel,2367.0,55.0,110.0,2.0,0.9348855564325178,0.9772914946325351,0.9555914412595882,0.966319657072872,0.4586617937658033,-0.006724490392175161,
checkstyle,RandomForest,devRelModel,1632.0,4.0,845.0,53.0,0.664956590370955,0.9975550122249389,0.6588615260395639,0.7935813274981766,0.7701697724326966,0.18249643507707405,
checkstyle,RandomForest,allModel,2367.0,55.0,110.0,2.0,0.9348855564325178,0.9772914946325351,0.9555914412595882,0.966319657072872,0.4586617937658033,-0.006724490392175161,
checkstyle,Support Vector Machine,productModel,934.0,42.0,1543.0,15.0,0.3745067087608524,0.9569672131147541,0.37706903512313283,0.5409788589632204,0.3201134649299875,-0.10962773665947537,
checkstyle,Support Vector Machine,processModel,300.0,1.0,2177.0,56.0,0.1404893449092344,0.9966777408637874,0.12111425111021397,0.2159827213822894,0.5517851957305456,0.04746882038868455,
checkstyle,Support Vector Machine,productProcessModel,764.0,11.0,1713.0,46.0,0.3196527229676401,0.9858064516129033,0.3084376261606782,0.46986469864698643,0.5577275850101637,0.037156093349207324,
checkstyle,Support Vector Machine,textualModel,1912.0,56.0,565.0,1.0,0.754932912391476,0.9715447154471545,0.7719014937424303,0.8602924634420697,0.3947226766957766,-0.07496257537718759,
checkstyle,Support Vector Machine,productProcessTextualModel,1932.0,56.0,545.0,1.0,0.7628255722178374,0.971830985915493,0.779975777149778,0.8653975363941769,0.3987598183994504,-0.073026221638545,
checkstyle,Support Vector Machine,smellModel,2463.0,57.0,14.0,0.0,0.9719810576164167,0.9773809523809524,0.9943480016148567,0.9857914748849308,0.49717400080742835,-0.011306759952185106,
checkstyle,Support Vector Machine,productProcessTextualSmellModel,1932.0,56.0,545.0,1.0,0.7628255722178374,0.971830985915493,0.779975777149778,0.8653975363941769,0.3987598183994504,-0.073026221638545,
checkstyle,Support Vector Machine,devRelModel,2181.0,4.0,296.0,53.0,0.8816101026045777,0.9981693363844394,0.8805006055712555,0.9356499356499357,0.9051625834873822,0.34867541330963336,
checkstyle,Support Vector Machine,allModel,1932.0,56.0,545.0,1.0,0.7628255722178374,0.971830985915493,0.779975777149778,0.8653975363941769,0.3987598183994504,-0.073026221638545,
checkstyle,J48,productModel,2122.0,42.0,355.0,15.0,0.8433307024467246,0.9805914972273567,0.8566814695195801,0.9144580909286792,0.5105107338390384,0.05032345349384832,
checkstyle,J48,processModel,1643.0,4.0,834.0,53.0,0.6692975532754538,0.9975713418336369,0.6633023819136051,0.7967992240543161,0.776328184206985,0.18439089585436835,
checkstyle,J48,productProcessModel,2301.0,26.0,176.0,31.0,0.920284135753749,0.9888268156424581,0.9289463060153411,0.9579517069109075,0.7269794389081302,0.2559764458531881,
checkstyle,J48,textualModel,1779.0,47.0,698.0,10.0,0.7059984214680347,0.9742606790799562,0.7182075090835688,0.8268649779223797,0.4508318636720991,-0.03514688278685993,
checkstyle,J48,productProcessTextualModel,2299.0,56.0,178.0,1.0,0.9076558800315706,0.9762208067940552,0.9281388776746063,0.9515728476821191,0.4497092549702881,-0.03143520778931795,
checkstyle,J48,smellModel,2477.0,57.0,0.0,0.0,0.9775059194948698,0.9775059194948698,1.0,0.9886250249451207,0.5,0.0,
checkstyle,J48,productProcessTextualSmellModel,2299.0,56.0,178.0,1.0,0.9076558800315706,0.9762208067940552,0.9281388776746063,0.9515728476821191,0.4497092549702881,-0.03143520778931795,
checkstyle,J48,devRelModel,1632.0,4.0,845.0,53.0,0.664956590370955,0.9975550122249389,0.6588615260395639,0.7935813274981766,0.77222375680825,0.18249643507707405,
checkstyle,J48,allModel,2299.0,56.0,178.0,1.0,0.9076558800315706,0.9762208067940552,0.9281388776746063,0.9515728476821191,0.4497092549702881,-0.03143520778931795,
checkstyle,Bayesian Network,productModel,1734.0,20.0,447.0,8.0,0.7885921231326392,0.9885974914481186,0.7950481430536451,0.8813214739517155,0.5552662605619965,0.02234064598150577,
checkstyle,Bayesian Network,processModel,1999.0,26.0,182.0,2.0,0.9058397464916251,0.9871604938271605,0.916552040348464,0.9505468378506894,0.7582285321281195,-0.004865951615033763,
checkstyle,Bayesian Network,productProcessModel,2074.0,26.0,107.0,2.0,0.939791760977818,0.9876190476190476,0.9509399358092618,0.9689324924083159,0.7486408593698828,0.01155369648728181,
checkstyle,Bayesian Network,textualModel,1632.0,17.0,549.0,11.0,0.7437754640108647,0.9896907216494846,0.7482806052269602,0.8522193211488251,0.5695208619899129,0.03629490725042076,
checkstyle,Bayesian Network,productProcessTextualModel,2110.0,26.0,71.0,2.0,0.9560887279311906,0.9878277153558053,0.9674461256304447,0.9775306926106092,0.7417878430601952,0.02432830276321219,
checkstyle,Bayesian Network,smellModel,1870.0,17.0,311.0,11.0,0.8515165233137166,0.990990990990991,0.8574048601558918,0.91937069813176,0.6251310015065173,0.0793392112674379,
checkstyle,Bayesian Network,productProcessTextualSmellModel,2110.0,26.0,71.0,2.0,0.9560887279311906,0.9878277153558053,0.9674461256304447,0.9775306926106092,0.7334037466430864,0.02432830276321219,
checkstyle,Bayesian Network,devRelModel,1929.0,25.0,252.0,3.0,0.8746038931643277,0.9872057318321392,0.8844566712517193,0.9330108827085852,0.7212861072902338,-0.0029408857076438106,
checkstyle,Bayesian Network,allModel,2110.0,26.0,71.0,2.0,0.9560887279311906,0.9878277153558053,0.9674461256304447,0.9775306926106092,0.7334037466430864,0.02432830276321219,
checkstyle,RandomForest,productModel,2032.0,23.0,149.0,5.0,0.9221367134449977,0.9888077858880778,0.9316827143512151,0.959395656279509,0.6029098709635161,0.04843234446838398,
checkstyle,RandomForest,processModel,1999.0,26.0,182.0,2.0,0.9058397464916251,0.9871604938271605,0.916552040348464,0.9505468378506894,0.7037400930110697,-0.004865951615033763,
checkstyle,RandomForest,productProcessModel,2133.0,27.0,48.0,1.0,0.9660479855138071,0.9875,0.9779917469050894,0.9827228749136144,0.5294098382131395,0.010411029904559386,
checkstyle,RandomForest,textualModel,2131.0,27.0,50.0,1.0,0.965142598460842,0.9874884151992586,0.9770747363594682,0.982253975570408,0.620226632606275,0.009526500118444895,
checkstyle,RandomForest,productProcessTextualModel,2175.0,28.0,6.0,0.0,0.9846084200995926,0.9872900590104403,0.9972489683631361,0.9922445255474452,0.54223979825768,-0.005913159034302309,
checkstyle,RandomForest,smellModel,1871.0,17.0,310.0,11.0,0.8519692168401992,0.9909957627118644,0.8578633654287025,0.9196362742688622,0.6298143053645117,0.07958719469003774,
checkstyle,RandomForest,productProcessTextualSmellModel,2176.0,28.0,5.0,0.0,0.9850611136260752,0.9872958257713249,0.9977074736359468,0.9924743443557583,0.5267816204886356,-0.005396726262537578,
checkstyle,RandomForest,devRelModel,1929.0,25.0,252.0,3.0,0.8746038931643277,0.9872057318321392,0.8844566712517193,0.9330108827085852,0.7465366476714482,-0.0029408857076438106,
checkstyle,RandomForest,allModel,2176.0,28.0,5.0,0.0,0.9850611136260752,0.9872958257713249,0.9977074736359468,0.9924743443557583,0.5267816204886356,-0.005396726262537578,
checkstyle,Support Vector Machine,productModel,1595.0,16.0,586.0,12.0,0.7274784970574921,0.9900682805710739,0.7313159101329665,0.8412447257383966,0.5799436693521975,0.04025525296284543,
checkstyle,Support Vector Machine,processModel,429.0,1.0,1752.0,27.0,0.2064282480760525,0.9976744186046511,0.19669876203576342,0.32860972807353506,0.5804922381607388,0.04548504679089378,
checkstyle,Support Vector Machine,productProcessModel,1814.0,17.0,367.0,11.0,0.8261656858306926,0.9907154560349536,0.8317285648784961,0.9042871385842473,0.6122928538678195,0.06671122129095883,
checkstyle,Support Vector Machine,textualModel,950.0,9.0,1231.0,19.0,0.43866002716161157,0.9906152241918665,0.4355800091701055,0.6050955414012739,0.557075718870767,0.025764630839406846,
checkstyle,Support Vector Machine,productProcessTextualModel,1855.0,16.0,326.0,12.0,0.8451788139429606,0.9914484233030465,0.8505272810637322,0.9155972359328726,0.6395493548175804,0.08673001733200392,
checkstyle,Support Vector Machine,smellModel,1871.0,17.0,310.0,11.0,0.8519692168401992,0.9909957627118644,0.8578633654287025,0.9196362742688622,0.6253602541429226,0.07958719469003774,
checkstyle,Support Vector Machine,productProcessTextualSmellModel,1874.0,16.0,307.0,12.0,0.8537799909461294,0.9915343915343915,0.8592388812471343,0.9206583149103414,0.6439051549092815,0.09159820262034189,
checkstyle,Support Vector Machine,devRelModel,2097.0,26.0,84.0,2.0,0.9502037120869171,0.987753179463024,0.9614855570839065,0.9744423791821561,0.5164570642562389,0.01903553057059645,
checkstyle,Support Vector Machine,allModel,1874.0,16.0,307.0,12.0,0.8537799909461294,0.9915343915343915,0.8592388812471343,0.9206583149103414,0.6439051549092815,0.09159820262034189,
checkstyle,J48,productModel,2005.0,22.0,176.0,6.0,0.9103666817564509,0.9891465219536261,0.9193030719853278,0.9529467680608366,0.5742778541953233,0.05435184414524376,
checkstyle,J48,processModel,1990.0,25.0,191.0,3.0,0.9022181982797646,0.9875930521091811,0.9124254928931683,0.9485224022878932,0.7900782734001441,0.007734329438696499,
checkstyle,J48,productProcessModel,2115.0,27.0,66.0,1.0,0.9578995020371208,0.9873949579831933,0.9697386519944979,0.9784871616932687,0.5032259120979892,0.0035570522975629467,
checkstyle,J48,textualModel,2075.0,25.0,106.0,3.0,0.9406971480307832,0.9880952380952381,0.9513984410820725,0.9693996729736043,0.5300894085281981,0.030237529240140903,
checkstyle,J48,productProcessTextualModel,2161.0,26.0,20.0,2.0,0.9791760977818017,0.9881115683584819,0.9908298945437872,0.9894688644688644,0.5310555446387634,0.07014060896601579,
checkstyle,J48,smellModel,1870.0,17.0,311.0,11.0,0.8515165233137166,0.990990990990991,0.8574048601558918,0.91937069813176,0.6251310015065173,0.0793392112674379,
checkstyle,J48,productProcessTextualSmellModel,2151.0,27.0,30.0,1.0,0.9741964689904934,0.987603305785124,0.9862448418156808,0.9869236063317275,0.51114331564813,0.020883925956704255,
checkstyle,J48,devRelModel,1916.0,25.0,265.0,3.0,0.8687188773200544,0.9871200412158682,0.8784961027051811,0.9296458030082484,0.719836903124386,-0.004920537887843662,
checkstyle,J48,allModel,2151.0,27.0,30.0,1.0,0.9741964689904934,0.987603305785124,0.9862448418156808,0.9869236063317275,0.51114331564813,0.020883925956704255,
